w_pf_pc,AUC,PEAK
0.05,20.401146059776845,44.743871454304816
0.35,23.433536161858356,56.72586188312264
0.65,26.24921060484522,76.33511633408935
1.0,29.42196730570057,97.5642349773454
1.35,32.50368014021037,114.65344156246428
1.65,35.07273615887954,125.54235187630411
1.95,37.57179678913544,132.94091012816122
